Хеш,Слова
c977dbe785221d34114d345fdf8ff4e18bb4af66750751dbea29407f9738735f,1.
77f4214af13b3061d1f8bd097e235d9b8b8fa17db727065a1ec2cb9d930d457c,Благодаря
1a8100b6a10a390d2ff342ec3e7c004fec6deba6f306d3759532e10b13bd229c,использованию
7557d1319b5b9368635b5569a63b46ca4344e87c86ea69bd190f398a82ee29e8,хеш-таблицы
284852b2c5506ed24045eed776295780b4aad9cb01cdb3edf4a6fdb46f268369,на
401a5945fce1a6828d3698adcaffc2a505d18ccb4f79b252c3135dd2bb73e88d,основе
527babc8eb27b8cf2d1b43106766deb94ce6ae6ca27c379547e43e4b9903d862,файла
d5b0c7fda889812a864d628ce254ad2e413de510e192264fd9215e10382af972,"'text.txt',"
d75e5604e4beed8beddb6d14f2021fc504bd2eb4fa189eeca9a107081a6898be,можно
dcd85bada23a9985ee329ea7689e26b9a3fec1b3aa65511338f52ac8fb079aa0,быстро
eead37caf818d0fae6de8adfc9645ca50de4a3be6ff9756bbab0d0a139a801af,и
041d8a2adbd1e9f8daac4fe86a06638444b809350c5daede1641aa1f73d90ae6,легко
257e06f3609a1adc53943d79fc584e368cbffcd26ebff84ead4eb8554f4efbeb,находить
910359c372da6d9663a517b55f66e455399e9323bee3f47d5209027f21e2a59c,нужные
ae7080f43e8334186b2f2823d0080a6f4ae80bc3d78e75ade8e72d092fc5748f,значения
51ad1397c2255740f870b11d4eb9b6795e615aa8f2e38f217cde48eebec82cf5,по
c7f3e59186206ff44cf8de622f0a92071be804f0a8026115908065776506a398,"ключу,"
ff6ba2e6b01f8d4589516ded0257db60aab29e3336214548289244ca8f7a539a,что
62dd5cbeaca28e0d60425895b47c7813d56b73ca54f8ebd3d9ad1b1c7d2b2a8d,значительно
05b8e8c6c712dcab664d765bf9bdd8adfb14b36fc7b146c6943a7373e1120108,экономит
17e34f8df30ae89793386c34d9d27e29f7560f5f892964ce0e4dc1b61493e163,время
9f1192fc747b461e1a944ce517188c96527ed63c0732d380a0a8496ccfa1f80a,упрощает
542d369049d764c96a7aad88889d25f5393a739b673fd596fe1f187ab1be8fa8,процесс
0c0997a7e7289f05bd89fe62094a8e7005bef146ac869469a7564668e5a585bd,поиска.
6bc54f13bea593dc5e1c8e6b16249e669d1ce99cbeac65f2a10f36e1d86f1fd4,2.
63fdd980cf43bf87d6ce23a38ad09f8e5006ff08c6759df14b01a241bca225f1,Формат
1f2b4c3d18096e11d1a0c67794b1d86c7cf242f02ef263edc8058abafc330d4d,"CSV,"
b8012cb642c887a0a4f6f8e52fc6d97946274076ba64b113dff1db0a0ca37caa,в
5d8188952476e6b7c17f92145fcc0ab48c3fac922b56325049f36fc7b3473e99,котором
5aa22ee08ac45ca0ae45bfb9e452418e939a4c05fc4f671b6426583d0b17eec3,записывается
e5b6bb56bf777708b37dc7f559376a92fbedad5870beda14487eefd0c1ba8c09,хеш-таблица
a1f5d39a12e8f6bed437ee6c16fa961dcd6a5af84e1518290a577a029e7501e2,с
7245ed12733fb59e6d633409ebbffd297fe178054cb219fcf55a751a481c7b4e,данными
7f4adf318ef3f841fbcfdb9c5612e88124e15bd9f6885d50acdeb21e0ac52cbb,из
0212ee25b612aa1046062e5ac2a62a752fdd82b2e780a8fe13ee7d698d7c8070,является
610da4426b5df0cb2e56e5d81fb67ce83dad656fd9ae5f5fd8c9f914979747c0,удобным
56930657f348eba60f12553eeb49ac509a11637cace7d162094e896e961a8cf5,популярным
66a78dce38f47e4d197231645efac8cd680e333266dbff1700b07e5b6ad54253,форматом
66ccd407f7d57636fee94791d542aa5caf741059e67a9a3b32aedf798df01058,для
514dd9cd03a3d6c3046d6e183643efc61841a48cdc017547729ca62ad7859d72,обмена
57029584c8022e44fa3ebbad714ec45c3d78e3d3428ab6b8aea6ad37785e5157,между
6c5cc8fb099514d6cae67beca189788141db52eb7f9b37e769e7c8e2a17bfd48,различными
5d3592cd11fb07b445e49aac83d0765a6958fc00e39e5eb4745d71dda8cbf875,приложениями
3e0a72ef5002fd7a6948ecf4384aa1cfe09a7205e2d6c34249e3fa8a19793fc6,программами.
86e1de74820a9b252ba33b2eed445b0cd02c445b5f4b8007205aff1762d7301a,This
5694d08a2e53ffcae0c3103e5ad6f6076abd960eb1f8a56577040bc1028f702b,code
3566cf23ecb6f832d67d1439e0cb3d05eb7f4ad702c6f478aa96f19812f18e8c,reads
ca978112ca1bbdcafac231b39a23dc4da786eff8147c4e72b9807785afee48bb,a
982d9e3eb996f559e633f4d194def3761d909f5a3b647d1a851fead67c32c9d1,text
f5398c6ecad4ea1d2178886a284840fbbb8a16cbe1774765ac3e7cf3ba18124e,"file,"
75dd3da2c26c2616c04fe618080db11286252df79ffcf9f1bcdd757acda58dab,creates
d04b98f48e8f8bcc15c6ae5ac050801cd6dcfd428fb5f9e65c4e16e7807340fa,hash
0d4fc4a78d3706edccafb665a8b2fdd9309e82c78625bb0f2b8e7bb9e1c4d21c,table
a24e10fde71a121ae709d6d866e36dfce91ce464e196f718721d848cbd56d24d,using
9d714a96228a86c35ed54b1fe09b6b1384bd1eb9192c46b2902afa3ead71bfa2,"function,"
6201111b83a0cb5b0922cb37cc442b9a40e24e3b1ce100a4bb204f4c63fd2ac0,and
21af6f1260f927f5b9b3ff5ca4a5d19493a1a47a5977240d8dca31bc47a63527,then
531995e8b52db462df5a6b23a5f7af4d5c57415a397438b002364edebcdc1e14,writes
b9776d7ddf459c9ad5b0e1d6ac61e27befb5e99fd62446677600d7cacef544d0,the
663ea1bfffe5038f3f0cf667f14c4257eff52d77ce7f2a218f72e9286616ea39,to
eb6b42f54c42d2832e296319f7fdad64d46aecd1ec19b0e9c80b85b7cfc6dcae,CSV
eb36be6c06717c3b88700bdc0678576b33b6b4ef76de644a43b56023e9e77cb0,file.
125466b821c6448a68d22c6ddbdbbc921f6b174a620f0fcbc3d219afd7d22b47,By
a7a39b72f29718e653e73503210fbb597057b7a1c77d1fe321a1afcff041d4e1,simple
78f9ac018e554365069108352dacabb7fbd15246edf19400677e3b54fe24e126,function
dd20955d60739e8de3df27eec3931469fb8587e835a7d325435d2174e788d2ba,based
b8d31e852725afb1e26d53bab6095b2bff1749c9275be13ed1c05a56ed31ec09,on
98c1eb4ee93476743763878fcb96a25fbc9a175074d64004779ecb5242f645e6,word
5aaad65a928e8309b1f125fcdfe71bc366dcd133eabd58a8f1acfd4470b7e11d,"length,"
1eb79602411ef02cf6fe117897015fff89f80face4eccd50425c45149b148408,this
07298727330fcb933263433ffeacf747ee11ea5d5e7a2fc0957d4a79b106c777,efficiently
bc846fddca885326ad70eadd801afe0f003e3403713de39a3cb12ef022478ae9,organizes
dba36bffa5cab0f922d087a3aeb179f9d4e745df40b323e1b1471402848c8a3e,words
75857a45899985be4c4d941e90b6b396d6c92a4c7437aaf0bf102089fe21379d,from
3b9c358f36f0a31b6ad3e14f309c7cf198ac9246e8316f9ce543d5b19ac02b80,file
6b847a0ed0b2c484c73f2749e29b4db576dd6b06cf7110180dd43b8871dc14b3,into
10c22bcf4c768b515be4e94bcafc71bf3e8fb5f70b2584bcc8c7533217f2e7f9,for
97c10efe01d5c9c88704a12d361d8429b3a6aa2412290a0773109d5d2d603d5e,easy
a0561fd649cdb6baa784055f051bad796ea0afef17fca38219549deeba4e8c1a,access
d0d02a8ac50bdbe639ee2dc258c98efc463805fb3213202777e2719f2b356891,retrieval.
267c23695b6e8fc29bd88b9f5d1962d3d208fa9c2fafd974614e6ab3b84fa55c,3.
b344d80e24a3679999fa964450b34bc24d1578a35509f934c1418b0a20d21a67,The
ecd21b60cb8a80417a5284609a249ba31dda270d45fadc34c3e9d5e981d1f1e2,resulting
beeb20fbd67695085c26c5dfa7b5ece4d1985d201cb6f0dd9aa66a36ed987ce5,contains
0695b563acde461fc2f8d9aebccf35c7596ac458b8d8e067c602fb7b4e5f1578,with
48a53f0774c8ceff574a1fdcb0d470dbd382b3db273cff4344b6d39d5379c923,keys
cc4c9079038d3b2f2fd87348a6239880a904a2b97d5a212820e87efa7a82826c,representing
108915690f1313dffa06500b23bcb170a2623003e25b12e7bb6a4bf511c8c3f7,lengths
89445ea08b55421faa49919a5fd272e9a520f701b479d6084847e161ca5b7711,values
46698ea7443c1e8d3039a96bc2890d0c435db1b7ed02813918edf79cdbd0a9c1,consisting
28391d3bc64ec15cbb090426b04aa6b7649c3cc85f11230bb0105e02d15e3624,of
4c14c4a453f98de4bd1c972fea7850adb52822c5823e5da287085165afcf2020,lists
03b7a0d9ccaf815658546573fdb005ec0eccbf502423613754685811a590eb85,corresponding
8503a33d4c319d9c1a8b5f57aec5d903acee80736d7d1a03e07d450a482980ce,lengths.
